CALENDAR_YEAR,MONTH_DESC,MONTH_CD,TAX_AMT,TOTAL_TAX_AMT,VOLUMN,TOTAL_VOLUMN,PRICE,PRICE_FACTORY,TOTAL_VOLUMN_CAPA,CAPA,VAL_RATE,TAXQTY_UNIT,ART_TAXV,ART_TOTALTAXV,LAG_TIME_TOTAL_TAX_AMT,LAG_TIME_TAX_AMT,LAG_TIME_TOTAL_VOLUMN,LAG_TIME_VOLUMN,TOTAL_GASOLINE,KEROSENE,TOTAL_DIESEL ,LPG,TOTAL_Fuel,GDP_Agriculture,GDP_Non_Agriculture,Total_GDP,Pop_up_15,Total_Labor_Froce,Labor_Agr,Labor_Non_Agr,P_ULG95,P_HSD,P_LPG,Crude_WPrice,Change_OP,CPI,Inf,Inter,Exr,U_Em,Total_Auto,Total_Auto_Petrol,Total_Auto_Diesel,Total_Auto_LPG,Total_Auto_CNG,Total_Auto_Electricity,Total_Auto_Hybrid,CPI_OA,W_Avr,W_Pri,W_Plu
2554,มกราคม,1,22223015694.96,13716905932.41,4344678605.72,2863381017.4,0.0,0.0,36330693.0,12863116.0,11.0534481648422,5.07681101094656,3.70444950409194,5.15004346811871,0.0,0.0,0.0,0.0,633.632,1.172,1695.86,1105.3944,4113.0854,164351.67,1871498.67,2047414.0,54279.62,38619.17,13389.4,24537.52,25.0303387096774,26.4143870967742,10.4315,110.686,2.8155,99.65,3.37,5.32,31.5755,0.81,30322761.0,21592247.0,7405637.0,843450.0,265920,6312.0,22767.0,106.33,10547.01,8964.45,16943.19
2554,กุมภาพันธ์,2,21648693997.24,14072208362.51,4220639893.5,2914440243.43,0.0,0.0,74787446.0,3279386.0,11.229805081796,4.96917855899756,5.02137672179659,6.42950032386835,13716905932.41,22223015694.96,2863381017.4,4344678605.72,605.778,1.391,1698.912,1013.9074,3948.4414,164701.33,1937753.33,2109519.0,54322.32,38798.15,13449.78,24607.89,26.6644448275862,27.7709137931035,10.9166896551724,119.327,8.641,101.33,3.34,5.25,30.7303,0.66,30483912.0,21695114.0,7444115.0,856446.0,270762,6228.0,23945.0,108.55,10579.26,8778.73,17839.65
2554,มีนาคม,3,25117017633.68,13536460466.02,4896327002.0,2865928392.23,0.0,0.0,37136713.0,33467702.0,11.5893452581843,5.10193148835632,3.73415581665843,5.34977263908532,14072208362.51,21648693997.24,2914440243.43,4220639893.5,639.865,1.342,1831.691,1152.6093,4269.9543,165051.0,2004008.0,2171624.0,54365.4,38955.14,13506.88,24688.2,27.0477193548387,27.6397258064516,10.2719,125.445454545455,6.11845454545455,98.57,3.45,5.25,30.6901,0.73,30667049.0,21809442.0,7490151.0,872606.0,275828,6133.0,25009.0,110.26,10817.51,9267.39,17432.88
2554,เมษายน,4,22619551244.75,13245966460.47,4597110133.0,2848384458.2,0.0,0.0,36944019.0,31344400.0,11.8640440528635,4.97401762114536,3.48881578705737,5.10158048779009,13536460466.02,25117017633.68,2865928392.23,4896327002.0,614.701,1.244,1724.461,1123.4093,4106.2233,163452.0,2024071.0,2185274.0,54408.85,38909.27,13572.62,24571.16,27.18413,27.3801466666667,10.259,119.421666666667,-6.02378787878788,98.49,2.47,5.24,30.8884,0.97,30804836.0,21887534.0,7531226.0,886244.0,279621,6059.0,25598.0,111.583333333333,11453.95,9750.22,18382.53
2554,พฤษภาคม,5,8343328377.15,4914525086.98999,4743274377.0,2967009074.1,0.0,0.0,61341049.0,53314004.0,11.3841261108761,3.88795641134154,2.68706204895083,3.7529809462317,13245966460.47,22619551244.75,2848384458.2,4597110133.0,632.2,1.261,1806.773,1154.913,4307.484,161853.0,2044134.0,2198924.0,54452.7,39006.98,14393.9,23874.57,25.156664516129,25.8708548387097,10.3254,110.339523809524,-9.08214285714286,99.2,2.52,5.23,31.3373,0.92,31037272.0,22033426.0,7590982.0,905418.0,284986,5963.0,26932.0,109.716666666667,11137.12,9548.08,17200.3
2554,มิถุนายน,6,8602088899.44001,5122472596.24002,4670040043.0,2901899392.38,0.0,0.0,27604702.0,23363906.0,11.4747010154194,3.8169631440391,3.79832883661699,4.78451380124486,4914525086.98999,8343328377.15,2967009074.1,4743274377.0,634.562,1.039,1700.86,1111.6111,4043.0591,160254.0,2064197.0,2212574.0,54496.9,39883.25,16356.29,23173.04,22.02649,23.5349666666667,10.474,95.1557142857143,-15.1838095238095,100.76,2.56,5.23,31.6539,0.67,31257709.0,22175373.0,7646741.0,920746.0,290051,5824.0,28287.0,108.01,11508.23,10060.91,16983.95
2554,กรกฏาคม,7,8322583936.23001,4861064079.81001,4358766393.0,2628064204.14,0.0,0.0,52106005.0,47026694.0,11.0765429141718,4.0025109780439,3.15834522887217,4.30625523485769,5122472596.24002,8602088899.44001,2901899392.38,4670040043.0,635.176,1.029,1650.258,1169.7852,4059.6532,161262.67,2068991.0,2218603.67,54541.58,40097.64,16871.87,22982.08,23.2842741935484,24.6890483870968,10.5795,102.618571428571,7.46285714285714,101.31,2.73,5.22,31.653,0.56,31466422.0,22300261.0,7707777.0,935918.0,295135,5595.0,29837.0,109.183333333333,11581.01,10020.74,17590.32
2554,สิงหาคม,8,8923523704.26001,5322474528.63,4674530744.42,2879611812.68,0.0,0.0,152957635.0,63777200.0,11.4334985315714,4.00690345080761,3.01940293306707,4.1651308057402,4861064079.81001,8322583936.23001,2628064204.14,4358766393.0,645.674,0.853,1656.895,1215.3907,4109.4527,162271.33,2073785.0,2224633.33,54581.14,39800.75,16462.58,23080.47,26.0109483870968,26.6416741935484,10.5794,113.356086956522,10.7375155279503,101.64,2.69,5.2,31.4318,0.56,31655543.0,22412477.0,7764131.0,949263.0,300128,5395.0,31191.0,110.573333333333,11181.89,9826.46,16482.81
2554,กันยายน,9,8322983685.35999,4751166538.33,4360418465.0,2589910569.79,0.0,0.0,37741327.0,34495301.0,11.9968613974801,4.24520809469261,3.73185183377853,4.91732636448654,5322474528.63,8923523704.26001,2879611812.68,4674530744.42,608.763,0.9,1554.557,1167.6685,3883.1385,163280.0,2078579.0,2230663.0,54618.56,39438.77,15691.6,23460.91,25.3710233333333,26.65266,10.5057,112.863684210526,-0.492402745995423,101.03,3.38,5.21,30.9989,0.63,31849203.0,22531387.0,7817962.0,962244.0,306140,5158.0,32623.0,110.47,11184.11,9544.96,17285.56
2554,ตุลาคม,10,7946759895.19999,4804299265.88999,4123183124.0,2565348972.44,0.0,0.0,85441723.0,79415681.0,12.4198089171976,4.0752463603276,2.94164015159006,4.05389411859835,4751166538.33,8322983685.35999,2589910569.79,4360418465.0,654.232,1.008,1666.54,1160.913,4084.759,164296.33,2094199.67,2250114.0,54658.07,39489.68,14865.35,24343.56,24.8369290322581,25.6779483870968,10.3615,111.710869565217,-1.15281464530892,99.9,3.32,5.15,30.6962,0.56,32056367.0,22653130.0,7880384.0,976556.0,311718,4953.0,34491.0,110.603333333333,11557.53,10030.78,17727.33
2554,พฤศจิกายน,11,7460925839.43999,4700731542.17,4205091711.0,2646787514.51,0.0,0.0,44408750211.09,26172657.53,11.6444752559728,4.03759023037544,3.10647027631958,4.6495450008298,4804299265.88999,7946759895.19999,2565348972.44,4123183124.0,670.094,1.171,1754.651,1126.0759,4159.2979,165312.67,2109820.33,2269565.0,54699.96,40170.93,16826.79,23146.32,23.9106866666667,25.04013,10.2609,109.058571428571,-2.65229813664596,99.28,2.72,5.1,30.7058,0.39,32277695.0,22786601.0,7945232.0,989622.0,318385,4783.0,36354.0,110.363333333333,11324.07,9817.46,17176.98
2554,ธันวาคม,12,8382572306.97001,4923165251.46001,4752469563.002,2908007432.302,0.0,0.0,31539318.0,27085355.0,11.4957295796988,4.06047640761299,4.00897165986091,5.62426053524036,4700731542.17,7460925839.43999,2646787514.51,4205091711.0,730.282,1.031,1837.053,1176.4574,4370.7984,166329.0,2125441.0,2289016.0,54742.48,39820.99,16313.86,23234.63,23.7969709677419,24.8193419354839,10.2644,109.494,0.435428571428571,98.79,3.62,5.1,30.6359,0.48,32476977.0,22910601.0,8001288.0,1001422.0,323892,4712.0,37606.0,110.67,11442.65,9880.9,17392.76
2555,มกราคม,1,9286837795.43,5514083420.55,5090504981.36,3103375737.36,0.0,0.0,21412152.0,13155468.0,11.7859869931142,4.1390286534047,3.1707170430155,4.89174053087528,4923165251.46001,8382572306.97001,2908007432.302,4752469563.002,685.724,1.089,1846.464,1189.6,4394.115,166840.0,2123561.33,2288495.0,54785.67,38747.97,13331.43,24746.85,24.0101322580645,24.8613,10.2416,112.96,3.466,98.69,3.39,5.08,30.0664,0.83,32719090.0,23060445.0,8069873.0,1014089.0,330911,4600.0,39996.0,111.14,11317.3,9692.43,18175.85
2555,กุมภาพันธ์,2,8467786153.64999,5244823631.71999,4685256296.66,2858957716.26,0.0,0.0,44821073.0,33351884.0,11.933525872443,3.98295427196149,3.57385931935465,5.28151628172489,5514083420.55,9286837795.43,3103375737.36,5090504981.36,621.637,0.879,1688.803,1100.0148,4062.2488,167351.0,2121681.67,2287974.0,54829.73,39338.99,13778.39,25030.67,25.8326607142857,25.8123928571429,12.1224285714286,116.050526315789,3.09052631578947,96.27,3.23,5.08,29.8232,0.62,32928635.0,23189702.0,8129496.0,1026530.0,336178,4514.0,41962.0,112.816666666667,11627.64,10101.53,17793.57
2555,มีนาคม,3,8696381222.70002,5151177513.93,5139891667.0,3144426346.39,0.0,0.0,56952823.0,42811076.0,11.7493765410358,4.10696019725249,2.64730579640933,4.39800093495741,5244823631.71999,8467786153.64999,2858957716.26,4685256296.66,703.066,0.979,1908.229,1200.7111,4508.8381,167862.0,2119802.0,2287453.0,54874.22,39352.8,13620.97,25128.54,23.9721935483871,24.0354838709677,9.9705,108.474,-7.57652631578947,96.67,2.68,5.09,29.5169,0.69,33167625.0,23331104.0,8201542.0,1043099.0,342490,4426.0,43826.0,112.6,12287.07,10717.11,19134.96
2555,เมษายน,4,8417551388.74001,4897195329.17001,5045522188.0,3086482016.51,0.0,0.0,12424696.0,10909743.0,11.5816537044619,4.15256569791239,31.6379454948649,33.2150652886169,5151177513.93,8696381222.70002,3144426346.39,5139891667.0,687.409,0.844,1782.743,1176.2352,4336.7872,165890.33,2122000.67,2282778.67,54919.26,38787.11,12749.54,25274.88,21.79481,22.4593533333333,9.8684,102.248181818182,-6.22581818181818,95.26,2.42,5.11,29.0697,0.89,33363765.0,23450363.0,8259905.0,1053519.0,348281,4346.0,45099.0,110.983333333333,11596.2,9899.89,18590.02
2555,พฤษภาคม,5,8817294251.62001,5127905364.29001,5249681421.0,3099440560.33,0.0,0.0,134005526.0,115763965.0,11.8620543702685,4.15678974535438,3.13501999679258,4.85497055059645,4897195329.17001,8417551388.74001,3086482016.51,5045522188.0,705.973,0.852,1906.801,1141.6019,4355.8689,163918.67,2124199.33,2278104.33,54964.9,39493.95,14882.79,23963.77,22.254164516129,22.7010290322581,9.7193,102.558636363636,0.310454545454545,93.88,2.26,5.1,29.7806,0.77,33582039.0,23582037.0,8325490.0,1065077.0,355066,4246.0,46541.0,110.796666666667,12022.94,10619.19,17715.26
2555,มิถุนายน,6,8219111258.83,4996840546.80999,4551623651.5,2821600419.318,0.0,0.0,69568572.0,63326867.0,11.7111393298062,4.23724338624333,269.844405233845,270.010112940696,5127905364.29001,8817294251.62001,3099440560.33,5249681421.0,672.989,0.827,1672.302,1106.4926,4018.2906,161947.0,2126398.0,2273430.0,55011.36,40191.93,16593.83,23301.29,23.6778866666667,24.0518833333333,9.9554,102.9195,0.360863636363636,96.94,2.25,5.07,30.828,0.55,33781957.0,23707032.0,8381865.0,1075283.0,361387,4114.0,47772.0,111.79,12316.51,10895.81,18150.74
2555,กรกฏาคม,7,8909171287.29001,5327153690.53999,4970844236.82,3095094767.94,0.0,0.0,46866591.0,27718135.0,11.9993998673741,4.22042440318294,3.269547301596,4.94737043391616,4996840546.80999,8219111258.83,2821600419.318,4551623651.5,697.637,0.959,1708.297,1161.7278,4193.5168,162467.33,2131477.0,2278954.33,55051.51,39752.3,16245.3,23121.16,24.7687741935484,25.0144322580645,10.3047,107.933181818182,5.01368181818182,100.67,2.01,5.09,31.1248,0.89,33960792.0,23811583.0,8434718.0,1086535.0,368772,3916.0,49039.0,113.06,12455.77,11107.2,18177.26
2555,สิงหาคม,8,9150715348.84,5338167422.66,5027549937.0,3026776954.97,0.0,0.0,123152037.0,77995913.0,11.8282249742003,4.23997643618844,2.92687714251296,4.66482734244641,5327153690.53999,8909171287.29001,3095094767.94,4970844236.82,714.359,1.005,1628.469,1161.8537,4154.3397,162987.67,2136556.0,2284478.67,55090.68,39312.88,16217.84,22728.78,24.0810129032258,25.4121161290323,10.4027,111.280454545455,3.34727272727273,101.58,1.59,5.08,31.6019,0.81,34127381.0,23910612.0,8482752.0,1097252.0,374937,3750.0,50117.0,112.493333333333,12486.38,10877.04,18336.15
2555,กันยายน,9,8198965122.57999,5035696501.2,4508013151.73,2768065245.68,0.0,0.0,59256040.0,38789662.0,12.2902680188339,4.17064143426289,182.530976207737,183.206896212823,5338167422.66,9150715348.84,3026776954.97,5027549937.0,638.547,0.758,1530.752,1115.9222,3894.3042,163508.0,2141635.0,2290003.0,55130.31,39323.78,15675.54,23319.57,24.4120466666667,25.64373,10.5614,111.5965,0.316045454545455,102.98,1.42,5.1,31.7102,0.67,34272176.0,23993768.0,8526574.0,1107128.0,380525,3637.0,51333.0,112.363333333333,12083.68,10703.96,17525.53
2555,ตุลาคม,10,8678335538.55001,4944732399.27001,4785005530.0,2799860806.94,0.0,0.0,20932189.0,20121705.0,11.9069183208592,4.24269492352742,484.676382900968,484.277576965833,5035696501.2,8198965122.57999,2768065245.68,4508013151.73,683.332,0.911,1664.095,1181.5111,4154.5381,164304.67,2135077.67,2289614.0,55170.64,39033.43,14843.43,23824.33,23.3960161290323,25.2659161290323,10.5978,109.07652173913,-2.51997826086957,102.31,1.46,5.09,31.215,0.62,34419174.0,24078798.0,8571655.0,1116774.0,384936,3517.0,52403.0,111.733333333333,12010.85,10408.61,18225.37
2555,พฤศจิกายน,11,8710467703.31001,5121083222.75,4793422296.53,2892086799.88,0.0,0.0,38188642.0,30405209.0,12.0022768917544,4.19992195452997,362.248914787925,362.250251903242,4944732399.27001,8678335538.55001,2799860806.94,4785005530.0,681.896,0.968,1742.081,1190.65,4276.102,165101.33,2128520.33,2289225.0,55211.33,39632.91,16475.73,22776.37,23.7117433333333,25.4955966666667,10.433,107.792,-1.28452173913043,101.46,1.92,5.05,31.6309,0.72,34536935.0,24142751.0,8611128.0,1125030.0,388485,3372.0,53225.0,111.936666666667,12445.44,11066.09,17788.1
2555,ธันวาคม,12,9111554470.07001,5484661527.99,5062641866.0,3111309562.17,0.0,0.0,47378330.0,27195444.0,11.5826421282801,4.19390488338188,222.352217567641,222.934410174416,5121083222.75,8710467703.31001,2892086799.88,4793422296.53,702.31,0.92,1828.347,1208.3963,4436.5543,165898.0,2121963.0,2288836.0,55252.53,39807.64,16586.01,22899.25,25.0605967741935,26.9635870967742,10.5715,110.756666666667,2.96466666666667,103.07,1.67,5.02,32.344,0.62,34624406.0,24189984.0,8639255.0,1132809.0,390843,3310.0,53751.0,112.783333333333,12332.51,10836.98,18269.22
2556,มกราคม,1,10017683013.55,5856110053.62001,5682575822.26,3416657186.66,0.0,0.0,42444499.0,26325299.0,10.542023140496,4.09111157024785,2.80945651565299,4.39791247830103,5484661527.99,9111554470.07001,3111309562.17,5062641866.0,675.932,0.959,1837.447,1237.0,4509.469,167674.33,2117215.67,2286091.33,54652.22,38433.61,11714.04,26080.5,25.4564419354839,26.7887290322581,10.808,108.117727272727,-2.63893939393939,105.92,1.93,5.02,32.9394,0.94,34718448.0,24228395.0,8683788.0,1140106.0,392829,3228.0,54411.0,113.636666666667,12911.24,11398.9,19117.59
2556,กุมภาพันธ์,2,8058655199.77,4882323448.73,4670733363.5,2918952998.76,0.0,0.0,48709260.0,40229600.0,8.37809963099632,4.06870664206639,113.150287658265,114.074227829311,5856110053.62001,10017683013.55,3416657186.66,5682575822.26,626.455,0.932,1699.091,1024.6463,3997.6703,169450.67,2112468.33,2283346.67,54686.89,38312.69,11842.8,25893.79,25.4613214285714,26.7898821428571,11.007,108.900526315789,0.782799043062201,107.47,1.96,5.02,32.6518,0.86,34860724.0,24307862.0,8733380.0,1148423.0,395721,3184.0,55276.0,113.696666666667,12809.44,11335.46,19028.76
2556,มีนาคม,3,8598862086.88,5210884221.76,5130454429.371,3165007591.071,0.0,0.0,69199354.0,58140762.0,8.11808674361667,4.04328261629935,2.62694003883804,4.10018527057855,4882323448.73,8058655199.77,2918952998.76,4670733363.5,705.493,0.981,1875.77,1160.6741,4444.9611,171227.0,2107721.0,2280602.0,54722.48,38616.64,12114.38,25787.25,25.2720161290323,25.9986612903226,10.911,107.480952380952,-1.41957393483709,106.24,2.11,4.95,32.3941,0.88,34997233.0,24378544.0,8784179.0,1158403.0,398742,3151.0,56340.0,113.906666666667,12633.14,11020.76,19743.55
2556,เมษายน,4,9284584108.77,5500763027.97001,5379610463.0,3328291574.76,0.0,0.0,17518317.0,12912096.0,8.0121315996848,4.02699188337273,99.4923602107211,100.446760933448,5210884221.76,8598862086.88,3165007591.071,5130454429.371,698.184,0.795,1815.079,1164.3519,4323.3459,169756.0,2118482.33,2284890.67,54757.47,38023.66,11038.74,26291.02,25.5937633333333,25.9912966666667,10.8254,107.755238095238,0.274285714285714,105.73,2.45,4.97,32.3176,0.9,35111217.0,24435761.0,8827886.0,1167484.0,400928,3115.0,57128.0,114.026666666667,13219.29,11537.75,20194.06
2556,พฤษภาคม,5,9499835879.7,5500586802.79001,5543698742.9,3247429322.25,0.0,0.0,209336463.0,114387030.0,8.18126135950565,4.0957833515085,291.083508784221,291.163004472153,5500763027.97001,9284584108.77,3328291574.76,5379610463.0,710.269,0.889,1893.007,1216.5167,4419.3477,168285.0,2129243.67,2289179.33,54794.02,38371.88,12306.65,25455.97,25.6951677419355,26.0995838709677,10.8,109.539090909091,1.78385281385281,105.39,2.62,4.95,32.5269,0.94,35238776.0,24502912.0,8874097.0,1177508.0,402965,3073.0,57999.0,114.196666666667,13264.39,11652.83,19804.89
2556,มิถุนายน,6,8243768676.78998,5028207260.63,4529624882.0,2824727501.98,0.0,0.0,63073672.0,52852985.0,8.15939970171514,4.10023415361667,246.552029056534,246.735819626861,5500586802.79001,9499835879.7,3247429322.25,5543698742.9,673.761,0.983,1705.302,1093.4444,4035.8484,166814.0,2140005.0,2293468.0,54831.24,38928.63,13593.48,24784.44,26.2132166666667,25.8874466666667,10.8694,111.795238095238,2.25614718614719,106.69,2.35,4.95,32.5111,1.15,35352660.0,24559028.0,8918440.0,1187464.0,404661,2989.0,58867.0,114.01,13267.76,11650.16,19770.32
2556,กรกฏาคม,7,9244917231.57001,5562439202.23,5195518111.0,3258038244.44,0.0,0.0,108346053.0,47785632.0,8.18882582476057,4.06744945015958,234.389210506327,234.735833978175,5028207260.63,8243768676.78998,2824727501.98,4529624882.0,723.5,0.84,1705.745,1145.1685,4156.4595,165244.33,2150309.67,2300804.67,54867.57,38900.04,13211.37,25275.73,25.714735483871,25.2224193548387,10.8653,106.768181818182,-5.02705627705628,106.75,2.17,4.98,32.0998,0.97,35466555.0,24620466.0,8956749.0,1197768.0,406484,2925.0,59691.0,113.773333333333,13472.35,11857.8,20028.63
2556,สิงหาคม,8,8830166479.68002,5191076817.87,4856330279.0,2961274150.95,0.0,0.0,58160877.0,45029089.0,7.97874153297684,4.04792745098034,121.689481969344,122.656900255931,5562439202.23,9244917231.57001,3258038244.44,5195518111.0,736.248,0.89,1650.662,1154.587,4134.492,163674.67,2160614.33,2308141.33,54898.58,38724.69,13643.86,24727.0,23.4424161290323,24.6659,10.7283,101.608095238095,-5.16008658008658,104.9,2.09,4.98,32.0055,0.74,35560860.0,24670520.0,8989068.0,1206541.0,407942,2778.0,60440.0,113.006666666667,13410.76,12001.61,19266.83
2556,กันยายน,9,8656580253.12999,5249214167.34999,4709282771.02,2888222469.45,0.0,0.0,27590044.0,23650869.0,8.02021845574389,3.94905819209037,2.75827077432769,4.30271694533182,5191076817.87,8830166479.68002,2961274150.95,4856330279.0,707.785,0.75,1610.67,1174.1222,4061.0232,162105.0,2170919.0,2315478.0,54929.02,38850.45,13501.91,24949.64,23.36241,23.7766933333333,10.6973,97.0914285714286,-4.51666666666667,104.48,1.75,5.11,32.1803,0.8,35650355.0,24714589.0,9022143.0,1215701.0,409569,2684.0,61280.0,111.526666666667,13312.36,11925.64,19229.15
2556,ตุลาคม,10,7813382322.21,5392507763.60001,4009761935.3,2878198635.24,2.34130662570131,26.4203488877258,2878198635.24,45520885.0,1.32085972258571,3.72480109918858,2.7447092541566,3.27076498022251,5249214167.34999,8656580253.12999,2888222469.45,4709282771.02,728.925,0.919,1669.474,1196.8815,4217.5385,161248.0,2177583.33,2324130.33,54960.44,38306.52,12276.98,25639.91,24.9316279569892,25.1552176829691,10.7976612903226,87.4252173913043,-9.66621118012422,105.36,1.48,5.11,32.4485,0.75,35737232.0,24758016.0,9054787.0,1223470.0,410957,2602.0,61950.0,110.453333333333,13550.26,12068.18,19565.73
2556,พฤศจิกายน,11,8259612579.52,5457974736.39002,4587885520.06,3091907346.64,1.21074154852781,27.1926244528619,3091907346.64,1910043.0,0.967719907407408,3.71551241582474,80.013158839114,80.6485705950499,5392507763.60001,7813382322.21,2878198635.24,4009761935.3,718.606,0.929,1715.979,1146.2889,4225.0539,160391.0,2184247.67,2332782.67,54992.85,38471.84,13149.9,25009.93,19.8785966666667,20.9247466666667,10.8447,79.4378947368421,-7.98732265446224,105.12,1.26,5.11,32.7814,0.55,35797893.0,24782917.0,9082074.0,1229184.0,412138,2545.0,62421.0,108.783333333333,14063.2,12387.05,20767.95
2556,ธันวาคม,12,8370557501.82,5397994402.95001,4722260752.0,3153272508.31,1.57407637387388,27.9086811426021,3153272508.31,27447648.0,0.780263334077215,3.90444432046402,2.77331041769398,3.47203444845472,5457974736.39002,8259612579.52,3091907346.64,4587885520.06,800.954,0.907,1905.665,1203.2778,4598.3648,159534.0,2190912.0,2341435.0,55025.1,38963.3,13466.8,25198.09,16.0871516129032,17.9330967741936,10.9566,62.335,-17.1028947368421,106.47,0.6,5.09,32.9016,0.56,35835180.0,24792556.0,9103527.0,1233954.0,412746,2490.0,62727.0,104.66,13185.96,11668.33,19648.54
2557,มกราคม,1,9522345773.64001,7057361156.43002,5467975989.45,4152645573.55,4.26262295178363,92.0524062585567,4152645573.55,64804013.0,0.797574809309603,3.90539702718543,79.7285953409535,80.5181872801065,5397994402.95001,8370557501.82,3153272508.31,4722260752.0,776.714,0.854,1866.756,1137.6667,4491.2567,158129.33,2197110.0,2345006.0,55057.31,38010.41,11229.45,26130.38,13.1047451612903,15.1648612903226,10.9962,47.7595,-14.5755,106.73,-0.41,5.07,32.7344,1.06,35947344.0,24855946.0,9147312.0,1236448.0,413677,2438.0,63368.0,100.73,13567.39,12131.98,19664.8
2557,กุมภาพันธ์,2,8419255174.08999,6802670517.19999,4736397759.0,3779613524.19,5.56095738728326,29.6510730786318,3779613524.19,101717063.0,0.723812749888938,3.78040537538854,2.61924366440064,3.21374386850196,7057361156.43002,9522345773.64001,4152645573.55,5467975989.45,723.462,0.956,1751.893,979.3352,4122.1282,156724.67,2203308.0,2348577.0,55090.32,38522.55,11363.63,26573.42,15.2826142857143,16.1335321428571,16.2048857142857,58.0955,10.336,105.72,-0.53,5.04,32.5734,0.82,36049524.0,24915717.0,9185292.0,1238721.0,414566,2372.0,63970.0,101.593333333333,13128.16,11517.69,20012.3
2557,มีนาคม,3,8778521676.82002,6899520212.69,5211834653.01,4140886207.63,5.50164313203685,29.1924358391961,4140886207.63,68212598.0,0.724685427135678,3.78002110552747,2.67547142476401,3.23063399646102,6802670517.19999,8419255174.08999,3779613524.19,4736397759.0,787.692,1.111,1923.057,1034.5185,4445.5685,155320.0,2209506.0,2352148.0,55123.88,38370.29,11630.52,25992.25,16.2916451612903,16.1371612903226,16.534064516129,55.8854545454545,-2.21004545454545,105.35,-0.57,4.99,32.6314,0.99,36159812.0,24983990.0,9223381.0,1240783.0,415164,2300.0,64485.0,102.606666666667,13117.87,11501.66,20154.89
2557,เมษายน,4,8776134300.66001,5422922544.01,5000873612.0,3236069256.96,3.4299420738212,32.5740933917033,3236069256.96,96902501.0,0.727122159683135,3.83292347300379,2.90137147036604,3.63012551863809,6899520212.69,8778521676.82002,4140886207.63,5211834653.01,796.108,0.793,1861.607,1010.063,4387.203,153848.33,2214938.33,2354943.0,55158.22,38283.85,10613.37,26916.65,16.28989,16.1824466666667,16.2520333333333,59.5242857142857,3.63883116883117,105.81,-1.04,4.98,32.5095,0.85,36213921.0,24998627.0,9259138.0,1242493.0,415812,2251.0,64980.0,100.826666666667,13296.71,11720.86,20364.33
2557,พฤษภาคม,5,8483459876.44002,5296194195.39,5046062882.0,3233999615.51,2.58422727272727,32.7617434488417,3233999615.51,109238514.0,0.687348779987697,3.94601496821798,2.82851731434307,3.65933927765798,5422922544.01,8776134300.66001,3236069256.96,5000873612.0,797.377,0.892,1921.449,1109.0741,4472.6841,152376.67,2220370.67,2357738.0,55192.55,38275.72,11429.68,26143.7,18.5839032258064,17.9654290322581,16.1414967741935,64.075,4.55071428571429,104.4,-1.27,4.88,33.5519,0.93,36299933.0,25045781.0,9294187.0,1243963.0,416419,2205.0,65597.0,102.23,13330.52,11746.67,19737.82
2557,มิถุนายน,6,8329579794.32004,4889162039.66,4787007399.0,2935926168.1,1.88396939958592,27.6626660200123,2935926168.1,101626115.0,0.765162344292424,3.90273547069616,3.4404404966393,4.24106116031916,5296194195.39,8483459876.44002,3233999615.51,5046062882.0,781.656,0.933,1791.68,1073.1648,4259.3488,150905.0,2225803.0,2360533.0,55227.13,38707.62,12809.95,25422.74,18.8676533333333,17.60246,15.8831166666667,61.4777272727273,-2.59727272727273,108.2,-1.07,4.86,33.7274,0.83,36391438.0,25100655.0,9327615.0,1245514.0,416797,2141.0,66202.0,102.57,13394.92,11858.82,19769.29
2557,กรกฏาคม,7,9532899886.39001,5478865951.81,5091271869.0,3166305229.12,1.21040092848677,27.3891780781373,3166305229.12,89656106.0,0.723226124704025,3.87326558800298,2.64517647165442,4.25393040798925,4889162039.66,8329579794.32004,2935926168.1,4787007399.0,824.815,0.936,1798.316,1058.113,4319.205,151531.33,2236235.33,2372196.67,55262.3,38621.15,12131.73,25971.1,17.5384838709677,15.9543193548387,15.6997193548387,56.5613043478261,-4.91642292490119,108.73,-1.06,4.87,34.2996,1.0,36444445.0,25118146.0,9359505.0,1246831.0,417120,2100.0,66876.0,100.703333333333,13908.1,12385.78,20135.9
2557,สิงหาคม,8,8721993520.52,5384999737.91,4592522714.7,2983829116.01,1.1317861443299,29.7950103647229,2983829116.01,100795337.0,0.631705809641533,3.94312113720626,3.09086390112915,3.94513064684092,5478865951.81,9532899886.39001,3166305229.12,5091271869.0,823.937,0.904,1762.144,1033.137,4273.862,152376.67,2220370.67,2357738.0,55290.63,38940.6,13515.51,24976.77,16.1076161290323,14.7090290322581,14.9771225806452,46.515,-10.0463043478261,110.81,-1.19,4.86,35.4176,0.97,36495392.0,25136831.0,9389203.0,1247635.0,417076,2025.0,67663.0,98.8733333333333,13429.36,11879.34,19780.57
2557,กันยายน,9,9638167378.34999,1123887130.13,4813056053.0,3008572717.48,1.34161534111638,30.2594002360203,3008572717.48,53886527.0,0.686746550472041,3.54766702977492,4.22281572577688,5.26966773525956,5384999737.91,8721993520.52,2983829116.01,4592522714.7,786.214,0.892,1653.265,968.6407,4019.6187,152784.0,2257100.0,2395524.0,55320.02,38652.56,13134.25,25186.78,15.96284,15.2006033333333,14.41131,47.6231818181818,1.10818181818182,114.33,-1.07,4.85,36.0195,0.78,36561628.0,25172858.0,9417808.0,1248217.0,416938,1968.0,68358.0,98.3433333333333,13451.26,12034.42,19301.76
2557,ตุลาคม,10,10001986041.36,5943811851.34,4911767552.0,2885188321.82,1.23024299864052,28.0483711903393,2885188321.82,32430043.0,0.788391796051371,3.33894862948067,2.4761810384093,3.18361682945584,1123887130.13,9638167378.34999,3008572717.48,4813056053.0,827.188,0.922,1749.859,1007.4426,4263.8786,153903.0,2264671.0,2401651.67,55349.83,38468.2,12089.1,25997.27,16.0007774193548,15.5327612903226,15.5246548387097,48.43,0.806818181818182,114.79,-0.77,4.83,35.7177,0.85,36622011.0,25202650.0,9446307.0,1248798.0,416911,1913.0,69013.0,98.4733333333333,14166.6,12726.02,20070.94
2557,พฤศจิกายน,11,8536648916.31,5224590766.82,4377938380.7,2827120129.3,1.0073731255449,24.8780643312103,2827120129.3,59935545.0,0.703407643312102,3.29611146496829,2.43284085880099,199.16315486742,5943811851.34,10001986041.36,2885188321.82,4911767552.0,811.552,0.768,1834.607,958.4389,4309.7239,155022.0,2272242.0,2407779.33,55380.34,38556.89,12853.81,25261.62,14.51102,14.8220633333333,15.70833,44.2676190476191,-4.16238095238095,112.6,-0.97,4.82,35.7774,0.9,36679174.0,25227825.0,9477090.0,1248754.0,416597,1846.0,69699.0,97.6,13501.29,11865.78,20248.67
2557,ธันวาคม,12,11769965054.75,7714246281.46998,5354835505.0,3468811031.39,0.722084988880652,24.9788382374497,3468811031.39,36626511.0,0.693077838827839,3.43193681318693,2.49927523782652,3.2061597579051,5224590766.82,8536648916.31,2827120129.3,4377938380.7,895.39,0.643,2027.496,1029.1741,4714.2391,156141.0,2279813.0,2413907.0,55410.11,39164.85,13630.15,25242.62,13.7941258064516,12.7873161290323,16.4369709677419,38.0054545454545,-6.2621645021645,114.17,-0.86,4.79,36.0128,0.65,36731017.0,25248828.0,9507337.0,1248675.0,416204,1820.0,70285.0,95.4466666666667,13627.88,12038.77,19938.9
2558,มกราคม,1,18309616335.18,11563271019.94,5159859108.0,3258744546.7,0.500097584246854,24.3321528802073,3258674089.7,90022520.0,0.721098605577689,3.90703884462163,3.24371654288398,4.101402049453,7714246281.46998,11769965054.75,3468811031.39,5354835505.0,852.149,0.84,1935.134,979.5981,4563.5431,153821.0,2286705.0,2419424.33,55440.13,38125.89,10820.26,26754.72,12.7625741935484,10.7880806451613,15.2050193548387,30.6995,-7.30595454545455,115.02,-0.53,4.8,36.1612,0.91,36851774.0,25323775.0,9545971.0,1247207.0,416027,1774.0,71381.0,94.05,13652.66,11921.69,20768.91
2558,กุมภาพันธ์,2,18062447614.45,10787900519.86,5135137770.0,3207012126.81,0.604902526132404,22.9835550998263,3170600541.81,44375793.0,0.702708333333333,3.97159722222234,2.71069144764226,3.48362536429231,11563271019.94,18309616335.18,3258744546.7,5159859108.0,835.135,0.834,1911.888,921.913,4390.921,151501.0,2293597.0,2424941.67,55471.91,38416.89,11188.49,26682.1,11.179924137931,11.1105344827586,13.8572517241379,32.1815,1.482,116.08,-0.5,4.81,35.6037,0.87,36912483.0,25342709.0,9594916.0,1245431.0,415461,1738.0,72493.0,93.4166666666667,13435.83,11747.35,20802.91
2558,มีนาคม,3,20241474894.15,12887665717.12,5477461634.53,3564666217.98,0.667150809905045,24.1084504627915,3513341865.98,104266805.0,0.722895223991114,4.04442151055174,2.80875127295296,3.66111206719596,10787900519.86,18062447614.45,3207012126.81,5135137770.0,880.049,1.457,2022.043,935.9852,4640.2222,149181.0,2300489.0,2430459.0,55502.82,38352.31,11252.64,26357.95,12.7945870967742,12.3189870967742,13.6934483870968,38.2104545454545,6.02895454545455,114.64,-0.46,4.78,35.2376,1.04,36913369.0,25318559.0,9622552.0,1241911.0,414527,1696.0,73488.0,95.33,13398.93,11844.97,20433.72
2558,เมษายน,4,22953065811.62,14228980464.48,5499167089.0,3475378891.03,0.560460878203854,23.3058986795427,3429122972.03,110275565.0,0.721127315727237,4.22072822230992,2.89095703100542,3.80221608187923,12887665717.12,20241474894.15,3564666217.98,5477461634.53,891.303,1.198,1907.361,928.4407,4460.0667,147895.33,2308285.67,2436938.67,55534.89,38023.66,9862.99,27367.17,13.0887766666667,12.6329733333333,13.9708566666667,41.5833333333333,3.37287878787879,113.01,0.06,4.64,35.0916,1.04,36946669.0,25325850.0,9651042.0,1238898.0,413648,1667.0,74176.0,96.0366666666667,13499.85,11777.67,20804.57
2558,พฤษภาคม,5,21329240417.34,12837079944.74,5089687663.0,3180689468.0,0.690342682926829,23.7569591732845,3146459153.0,72419014.0,0.885766646304215,4.15334962329475,3.30257796719613,4.14955440628407,14228980464.48,22953065811.62,3475378891.03,5499167089.0,884.398,0.842,2013.03,915.7611,4526.0001,146609.67,2316082.33,2443418.33,55566.33,37769.93,10274.62,26539.74,14.2388870967742,14.5154516129032,13.9166193548387,46.742380952381,5.15904761904762,112.9,0.46,4.67,35.4475,1.2,37015647.0,25363367.0,9685471.0,1235136.0,412719,1651.0,74996.0,98.1766666666667,13857.61,11960.38,21523.56
2558,มิถุนายน,6,22546494483.06,13862679618.35,5403199675.82,3489915616.11,0.645587159458944,23.0772063661972,3449014554.65,32925175.0,0.798596507698085,4.13408467893362,3.07583121521763,3.85969464304273,12837079944.74,21329240417.34,3180689468.0,5089687663.0,857.339,0.72,1860.555,896.0148,4272.5638,145324.0,2323879.0,2449898.0,55599.99,38701.1,12562.47,25604.77,14.29747,15.3325433333333,13.9146,48.2472727272727,1.50489177489177,115.18,0.39,4.66,35.3053,1.01,37097361.0,25411167.0,9724872.0,1230494.0,411612,1599.0,75844.0,98.62,13620.35,12068.87,20238.62
2558,กรกฏาคม,7,20045074504.8,12013378653.65,4824955457.0,3050517098.8,0.674869758149316,24.1865019849561,3010312895.8,31971046.0,0.928625156707062,4.15091725867123,3.48286078980113,4.29389609250363,13862679618.35,22546494483.06,3489915616.11,5403199675.82,902.69,0.738,1775.251,929.7185,4338.9815,146940.67,2328254.67,2457090.33,55633.15,38839.56,12432.98,25962.71,12.7309387096774,14.6371903225806,13.4034806451613,44.9519047619048,-3.29536796536797,114.03,0.11,4.64,35.0756,1.01,37123912.0,25413924.0,9752472.0,1225648.0,410415,1553.0,76447.0,97.4433333333333,14182.0,12478.0,21251.0
2558,สิงหาคม,8,21337871331.83,12786028343.08,5095593675.25,3213357832.43,0.670662318560093,22.7420254047802,3187496819.43,24368417.0,0.80218099460293,4.2195566692368,3.32943321865958,4.28626544704504,12013378653.65,20045074504.8,3050517098.8,4824955457.0,944.103,0.782,1815.485,967.7519,4446.9519,148557.33,2332630.33,2464282.67,55660.3,38860.14,12916.63,25540.31,12.7880032258065,13.602764516129,12.9387225806452,45.8430434782609,0.891138716356108,113.91,0.29,4.61,34.7255,0.93,37180380.0,25442822.0,9785143.0,1219751.0,409472,1526.0,77167.0,96.6033333333333,13589.03,11816.22,20999.21
2558,กันยายน,9,20436445802.17,12392913762.76,4897943267.0,3004009822.6,0.579386714257386,23.6896532176286,3003947812.6,28484000.0,0.84663223543169,4.13070475540839,3.54404771116525,4.38361158003838,12786028343.08,21337871331.83,3213357832.43,5095593675.25,866.709,0.84,1746.774,955.6741,4236.1401,150174.0,2337006.0,2471475.0,55686.53,38278.33,12523.25,25340.36,13.7361066666667,13.39979,13.1076833333333,46.5677272727273,0.724683794466403,112.78,0.38,4.6,34.732,0.87,37237094.0,25477003.0,9813397.0,1213827.0,408292,1502.0,77881.0,97.5533333333333,13645.32,12186.41,19808.8
2558,ตุลาคม,10,20792788888.9,12621810343.85,4964667648.0,3211342725.76,0.570648778103616,22.5105670503316,1059802223.76,32289595.0,0.783066718689036,4.17744342567314,3.17741028115704,4.07937356992861,12392913762.76,20436445802.17,3004009822.6,4897943267.0,866.868,0.816,1730.102,957.8019,4254.7089,153855.33,2344603.67,2480351.67,55714.84,37720.34,11214.34,25922.12,14.8748516129032,14.7795741935484,13.0244258064516,49.5223809523809,2.95465367965368,112.87,0.34,4.58,35.05,1.19,37268655.0,25490719.0,9836507.0,1208448.0,407146,1470.0,78575.0,98.9266666666667,14194.69,12486.64,21409.11
2558,พฤศจิกายน,11,21363764317.9,12862806138.38,5109778744.38,3183741421.381,1.34122386663956,20.5704594589296,961423434.381,59375640.0,0.73984515876127,4.09704429635448,13.4187057056398,14.8038510825286,12621810343.85,20792788888.9,3211342725.76,4964667648.0,879.905,0.959,1900.92,972.2389,4480.9939,157536.67,2352201.33,2489228.33,55742.02,38110.99,12410.17,25248.92,14.2007466666667,14.13963,13.4978333333333,44.7340909090909,-4.78829004329004,113.14,0.6,4.57,35.3196,0.99,37311590.0,25511560.0,9863587.0,1203116.0,406006,1459.0,79232.0,98.5566666666667,13881.58,12286.53,20525.14
2558,ธันวาคม,12,22733122775.48,13884087865.69,5457731322.39,3511351979.69,0.639820451819272,20.319446205935,1108025888.69,85409281.0,0.720477065498706,4.1943420266774,2.76201845354681,3.68699250691639,12862806138.38,21363764317.9,3183741421.381,5109778744.38,947.666,0.968,2049.718,998.1963,4781.6713,161218.0,2359799.0,2498105.0,55770.13,37791.78,12566.71,24792.97,15.9062064516129,15.8080225806452,13.610435483871,53.3085,8.57440909090909,114.06,1.13,4.53,35.807,0.8,37338139.0,25520553.0,9887129.0,1197528.0,404495,1488.0,79711.0,100.6,13716.48,12336.85,19720.97
2559,มกราคม,1,24316978960.8101,14636567117.2,5430925985.0,3440872699.4,0.648310534529848,20.6687242843233,1079723538.4,79836177.0,0.617474196689387,4.36259006815987,3.18852493535053,4.25441147845452,13884087865.69,22733122775.48,3511351979.69,5457731322.39,888.604,0.64,1918.499,963.937,4582.478,159545.67,2367051.0,2505105.67,55798.82,37935.84,10634.52,26577.5,16.5947225806452,16.3180774193548,16.9402838709677,54.5766666666667,1.26816666666667,115.79,1.55,4.55,35.4316,1.18,37410537.0,25565924.0,9921701.0,1189932.0,403141,1540.0,80520.0,101.9,13494.69,11568.84,21290.52
2559,กุมภาพันธ์,2,25194838951.89,14724928912.85,5486689714.34,3330047604.2,0.764829681978799,19.9331900433795,870096388.2,132207729.0,0.74590890311919,4.34156475934746,3.09463143669508,4.13683050813172,14636567117.2,24316978960.8101,3440872699.4,5430925985.0,822.038,0.583,1905.825,820.0815,4294.1585,157873.33,2374303.0,2512106.33,55828.55,38380.81,10694.63,26989.34,16.5062928571429,16.509825,20.8240035714286,54.8695,0.292833333333333,114.42,1.44,4.52,35.0182,1.12,37484986.0,25609253.0,9959710.0,1182623.0,401851,1522.0,81564.0,102.5,13425.74,11763.69,20703.72
2559,มีนาคม,3,25490038384.64,14619594553.83,5627916155.0,3470566934.11,0.940061795325083,18.9459993537015,902272133.11,262638044.0,0.696095126247798,4.34597181444531,4.28473682122481,5.3495551384655,14724928912.85,25194838951.89,3330047604.2,5486689714.34,937.277,0.636,2139.11,957.95,4829.123,156201.0,2381555.0,2519107.0,55857.89,38320.46,11340.58,26119.94,15.2471612903226,15.6917870967742,20.7893129032258,51.5891304347826,-3.28036956521739,113.69,0.76,4.49,34.8955,1.29,37558494.0,25649901.0,10001432.0,1173806.0,400231,1524.0,82554.0,100.896666666667,13285.77,11816.19,19763.16
2559,เมษายน,4,27511211113.14,17057216214.06,5706378946.57,3732191936.98,0.75160178992919,20.8095399372918,1150748714.98,196578447.0,0.675416258570029,4.68044074436822,2.95446079722572,4.20651059744472,14619594553.83,25490038384.64,3470566934.11,5627916155.0,898.064,0.578,1922.231,958.8519,4481.8929,158792.67,2389487.33,2529944.67,55887.18,37888.56,10553.91,26538.03,15.7099233333333,15.6299,17.9561966666667,52.3078947368421,0.718764302059497,113.61,0.38,4.48,34.4512,1.25,37615177.0,25684147.0,10030328.0,1167336.0,399273,1511.0,83172.0,101.183333333333,13449.28,11605.82,20975.27
2559,พฤษภาคม,5,27457940529.4301,16912413771.31,5535140874.0,3548987028.03,0.812188370204993,20.2696705763805,1069413277.03,270061609.0,0.831765417170496,4.7105755945183,4.83606025141423,5.88101051614781,17057216214.06,27511211113.14,3732191936.98,5706378946.57,922.761,0.603,2025.792,1027.4148,4668.9708,161384.33,2397419.67,2540782.33,55917.44,37978.5,10922.59,26179.67,15.008764516129,15.2238225806452,15.1844677419355,50.3265217391304,-1.98137299771167,112.66,-0.04,4.39,34.4535,1.32,37723254.0,25757777.0,10071793.0,1159524.0,398049,1499.0,84085.0,100.383333333333,13519.74,11825.23,20589.13
2559,มิถุนายน,6,26772881772.13,15999095115.17,5374617339.0,3333996078.65,0.91726452020202,20.5333162688442,913256493.65,194968255.0,0.84660175879397,6.58485134003347,3.1957865393004,4.20363464211455,16912413771.31,27457940529.4301,3548987028.03,5535140874.0,935.392,0.678,1954.081,939.5333,4517.8293,163976.0,2405352.0,2551620.0,55948.23,38820.95,13124.41,25195.03,13.8988133333333,14.22686,15.0614,46.3681818181818,-3.95833992094862,113.49,-0.05,4.37,33.9992,1.07,37810057.0,25813399.0,10111624.0,1151494.0,396100,1489.0,84919.0,98.8566666666667,13951.62,12414.67,20662.71
2559,กรกฏาคม,7,25363051736.64,15062537433.13,5011683167.0,3140711318.5,0.741402420634921,21.7225739044612,825276937.5,140069200.0,0.821281570639305,4.83492797947902,3.20636644022595,4.38021179930155,15999095115.17,26772881772.13,3333996078.65,5374617339.0,934.7,0.717,1846.871,952.113,4457.979,163037.33,2416244.33,2561451.67,55979.25,38502.27,12504.08,25473.25,14.0655419354839,14.6894935483871,13.8529258064516,48.4785714285714,2.11038961038961,112.39,0.17,4.39,33.7497,1.24,37882951.0,25862981.0,10142222.0,1144546.0,394396,1472.0,85544.0,98.8366666666667,13906.05,12012.67,21542.81
2559,สิงหาคม,8,28526800856.4,17040345192.19,5515308879.0,3500466243.94,0.860635346291753,19.3873585301837,927597697.94,103911123.0,0.697437195350581,4.98669760029987,13.0902081453382,14.1871509160743,15062537433.13,25363051736.64,3140711318.5,5011683167.0,949.027,0.603,1884.848,1013.5259,4581.6379,162098.67,2427136.67,2571283.33,56003.16,38077.0,12285.11,25314.61,15.0436838709677,14.9751193548387,16.0880870967742,51.704347826087,3.22577639751553,111.79,0.32,4.41,33.2624,1.12,37968113.4,25915955.8,10179341.4,1137227.6,392721,1456.4,88896.8,100.08,13782.65,12104.5,20874.07
2559,กันยายน,9,27388581326.8199,16913752181.15,5230142728.0,3398109541.8,0.705044566993464,20.8949987841944,1117503248.8,132515943.0,0.744111448834853,4.92419655521776,3.68898339287056,4.79395859712752,17040345192.19,28526800856.4,3500466243.94,5515308879.0,909.541,0.717,1835.696,994.9815,4429.3555,161160.0,2438029.0,2581115.0,56028.57,37786.44,12440.27,24806.5,15.6487366666667,15.7489,17.4571866666667,56.1528571428571,4.44850931677019,111.35,0.86,4.38,33.1503,1.17,38053275.8,25968930.6,10216460.8,1129909.2,391046,1440.8,92249.6,101.123333333333,13864.21,12375.47,20225.95
2559,ตุลาคม,10,26326503186.41,15451791788.35,5045437739.19,3182599617.02,0.731526354627872,20.1321992854139,3182412099.02,101293554.0,0.767063892391761,4.93525470786035,25.1804076546525,27.1372158890114,16913752181.15,27388581326.8199,3398109541.8,5230142728.0,928.345,0.579,1802.811,1026.663,4473.045,160317.33,2448895.67,2587307.33,56054.47,37216.93,11046.83,25604.27,15.6373612903226,15.9488322580645,20.3313193548387,57.5077272727273,1.35487012987013,110.95,0.86,4.36,33.251,1.29,38138438.2,26021905.4,10253580.2,1122590.8,389371,1425.2,95602.4,101.266666666667,13920.72,12188.7,21007.67
2559,พฤศจิกายน,11,27153841436.9801,15762888576.64,5186584149.0,3181010854.5,0.914057767183155,20.6176450542942,3181297370.5,37112080.0,0.742787759131293,5.00885291214202,3.15265811467008,4.47555337183199,15451791788.35,26326503186.41,3182599617.02,5045437739.19,879.194,0.741,1949.515,1019.0593,4606.8193,159474.67,2459762.33,2593499.67,56079.94,38281.47,12048.09,25674.1,16.6126766666667,16.6356333333333,20.5077866666667,62.7140909090909,5.20636363636364,111.32,0.99,4.37,32.9273,1.14,38223600.6,26074880.2,10290699.6,1115272.4,387696,1409.6,98955.2,102.453333333333,14183.1,12552.7,20949.08
2559,ธันวาคม,12,31009375993.3799,17690399950.23,5743384090.0,3338733387.82,1.39475659216732,20.5742787699224,3337088924.82,213071111.0,0.803622803432775,5.0545126685736,3.7903420932394,5.21978483746237,15762888576.64,27153841436.9801,3181010854.5,5186584149.0,967.579,0.655,2091.431,1063.4648,4937.1548,158632.0,2470629.0,2599692.0,56106.75,37716.49,12265.83,24925.12,16.4518838709677,16.8218290322581,20.0406225806452,64.3736842105263,1.65959330143541,110.49,0.78,4.3,32.6658,0.96,38308763.0,26127855.0,10327819.0,1107954.0,386021,1394.0,102308.0,102.493333333333,13736.38,12276.17,19884.67
2560,มกราคม,1,31575231630.03,19247070473.7099,5863932502.0,3746251690.07,0.771527461588401,18.58829728038,3746209991.07,311405939.0,0.690518022879344,5.08417440103587,3.27132021757615,4.55143889872787,17690399950.23,31009375993.3799,3338733387.82,5743384090.0,930.467,0.614,2034.768,1052.7407,4867.7967,162062.67,2478130.0,2614770.67,56132.06,37790.9,11379.17,25694.28,16.7451193548387,17.5600161290323,19.4329709677419,69.0772727272727,4.70358851674641,110.62,0.68,4.29,31.8885,1.26,38428304.0,26211641.0,10369053.0,1100638.0,386294,1378.0,103324.0,103.213333333333,13849.31,12133.51,20922.88
2560,กุมภาพันธ์,2,28960984970.2,17042426412.2,5270189538.96,3279467708.96,9.65717362263032,51.2780776430579,4680162829.16,164232659.4,0.675144166789886,5.02122283010487,6.31572425165041,7.1603509035415,19247070473.7099,31575231630.03,3746251690.07,5863932502.0,883.145,0.731,1952.965,921.2037,4541.3387,165493.33,2485631.0,2629849.33,56159.5,38421.6,11266.98,26334.4,16.2270321428571,16.8472678571429,16.782725,65.3175,-3.75977272727273,108.07,0.42,4.13,31.4703,1.28,38537787.0,26281256.0,10413461.0,1092975.0,387458,1367.0,104581.0,102.46,13765.31,12020.94,21045.31
2560,มีนาคม,3,34077685028.7301,20301908534.15,6504608212.58,4114216116.32,8.49200230137624,98.3605202331483,4891852670.42,163780872.8,0.588686396677051,6.19135167878141,6.58523785652204,7.35561071467193,17042426412.2,28960984970.2,3279467708.96,5270189538.96,959.378,0.608,2179.299,1049.0259,5037.3719,168924.0,2493132.0,2644928.0,56187.03,38111.32,11845.84,25496.09,16.1405612903226,16.7660225806452,15.8092806451613,66.0166666666667,0.699166666666667,107.01,0.79,4.16,31.2644,1.16,38653095.0,26359383.0,10463797.0,1082943.0,387792,1367.0,106081.0,102.343333333333,13678.5,12024.26,21095.71
2560,เมษายน,4,31293914660.4601,19923984964.51,5684016795.63,3775896386.35,1.2723574089962,2508.02900641968,3812284740.19,468826365.63,0.509990217657129,5.10179261433099,7.35273886435308,8.09070312332881,20301908534.15,34077685028.7301,4114216116.32,6504608212.58,942.349,0.641,1999.433,987.5444,4675.6594,172150.0,2497006.33,2652160.33,56214.99,37991.39,10743.4,26538.9,16.8806666666667,17.4832666666667,15.9030233333333,72.106,6.08933333333333,106.24,1.07,4.14,31.3136,1.06,38737089.0,26411347.0,10501723.0,1074519.0,387981,1374.0,107626.0,103.31,13867.99,12126.17,20950.33
2560,พฤษภาคม,5,31854751646.9,19318913776.8,5775811089.69,3681975824.66,0.578715862068966,2373.38191059671,3682993705.56,212023880.35,0.485586419753086,5.02424691358016,6.91446230068394,8.12491111030323,19923984964.51,31293914660.4601,3775896386.35,5684016795.63,928.925,0.655,2022.75,1039.3481,4737.9581,175376.0,2500880.67,2659392.67,56242.08,38547.31,11401.66,26563.91,18.2449903225806,18.7197870967742,18.1332451612903,76.9752380952381,4.86923809523809,106.07,1.49,4.12,31.9729,1.04,38850327.0,26485848.0,10548050.0,1064165.0,387764,1376.0,109497.0,105.266666666667,13529.33,11947.07,20494.56
2560,มิถุนายน,6,30546690724.4199,18592840879.92,5535987511.0,3387040877.99,1.00392505448884,3230.10233993778,3854805985.41,285511795.5,0.479048211508554,5.75132659409014,6.815476806458,7.59009316972534,19318913776.8,31854751646.9,3681975824.66,5775811089.69,951.005,0.632,1916.082,1013.4,4593.841,178602.0,2504755.0,2666625.0,56271.51,38853.97,13360.54,25008.23,17.80024,18.72639,19.1683233333333,74.4047619047619,-2.57047619047619,108.82,1.38,4.13,32.4635,1.1,38969601.0,26569094.0,10591198.0,1054447.0,387514,1364.0,111729.0,104.993333333333,14051.65,12556.52,20687.65
2560,กรกฏาคม,7,29492090803.22,17791758808.45,5396579021.96,3438763792.88,1.48971434531844,267.320445932016,3658934317.42,213170661.15,0.635292673947724,5.01210455270578,7.6287113706236,8.52450604546887,18592840879.92,30546690724.4199,3387040877.99,5535987511.0,948.96,0.606,1844.252,1018.3463,4559.8423,174236.33,2509125.33,2665859.0,56300.08,39053.68,12587.02,26042.24,18.0825032258065,18.9265096774194,20.4458580645161,74.2540909090909,-0.150670995670996,110.65,1.46,4.12,33.2661,0.98,39047987.0,26618584.0,10627160.0,1044786.0,387172,1387.0,113733.0,105.373333333333,14079.85,12469.85,20632.53
2560,สิงหาคม,8,31598421366.42,17848488358.74,5754819872.2,3440295814.0,0.876231703360369,527.756477483212,3595931636.92,139609250.83,0.588058667282596,5.11645802055606,6.22232810098176,7.20543774359894,17791758808.45,29492090803.22,3438763792.88,5396579021.96,968.978,0.734,1907.76,1048.9759,4695.9889,169870.67,2513495.67,2665093.0,56322.59,38727.99,12392.02,25894.87,18.2935548387097,18.9360967741935,20.9612225806452,72.5282608695652,-1.72583003952569,113.07,1.62,4.13,33.0306,1.04,39158429.0,26693971.0,10669945.0,1034045.0,386986,1447.0,115832.0,105.893333333333,14000.12,12518.81,20412.17
2560,กันยายน,9,27119263983.23,15642993873.98,4933865556.85,2983228865.82,10.6971372564404,263.726142077075,3073090141.72,129972622.5,0.458612521150592,9.10736782506823,8.65659492150926,9.61924925439299,17848488358.74,31598421366.42,3440295814.0,5754819872.2,900.646,0.719,1756.012,999.2759,4378.8359,165505.0,2517866.0,2664327.0,56344.72,38391.08,12902.4,25048.88,19.00048,19.7228133333333,21.6961566666667,78.891,6.36273913043478,111.54,1.33,4.13,32.6228,0.97,39258877.0,26764872.0,10708054.0,1023634.0,386366,1420.0,117769.0,107.023333333333,14204.56,12765.9,20482.25
2560,ตุลาคม,10,29901265373.67,17725038589.22,5470172364.0,3345145798.33,101.306715276815,101.600475666713,3476529613.13,135027362.75,0.130266996972199,5.10365056427148,6.90269844174261,7.81256886038746,15642993873.98,27119263983.23,2983228865.82,4933865556.85,950.184,0.602,1882.186,1059.837,4645.527,164449.67,2534951.33,2675920.33,56367.89,38077.6,11453.58,26149.6,18.8418774193548,20.437164516129,22.3057741935484,81.0321739130435,2.14117391304348,110.27,1.23,4.13,32.765,1.01,39352847.0,26830397.0,10743393.0,1014926.0,385623,1435.0,119349.0,107.113333333333,14159.08,12579.15,20772.44
2560,พฤศจิกายน,11,9163482107.19,5616451057.67,1660988315.3,985217307.65,158.295807772236,80.7118032820939,1020554125.85,171568626.35,0.220920726672172,5.03803757225443,8.17939998789926,8.64975144332291,17725038589.22,29901265373.67,3345145798.33,5470172364.0,945.832,0.615,1995.308,1017.5926,4743.8086,163394.33,2552036.67,2687513.67,56391.88,38742.77,12374.46,25889.58,15.3799533333333,18.0479233333333,18.4630566666667,64.7481818181818,-16.2839920948617,110.49,0.94,4.13,32.9655,0.95,39461672.0,26905430.0,10783168.0,1006350.0,385221,1444.0,121268.0,104.876666666667,14221.13,12777.98,20604.03
2560,ธันวาคม,12,29490304710.6,17667197105.81,5348373189.3,3353688460.245,56.7405588894549,4.72256892784553,3477625128.245,119695396.1,0.0184230573895378,5.05795175215851,13.7366171425973,193.047629403822,5616451057.67,9163482107.19,985217307.65,1660988315.3,1024.506,0.519,2127.41,1050.4593,5047.2673,162339.0,2569122.0,2699107.0,56415.2,38353.32,12427.54,25437.93,13.0555612903226,15.1151935483871,15.5902193548387,57.3623529411765,-7.38582887700535,111.5,0.36,4.13,32.7054,0.91,39551789.0,26969470.0,10816117.0,998653.0,384325,1454.0,122631.0,101.363333333333,13848.66,12326.81,20640.18
2561,มกราคม,1,32190564238.36,19210398134.81,5853729672.8,3692908394.42,81.301953167781,4.65477882352941,3846166561.02,117211944.4,0.0700922098569157,5.01366709062011,6.19000267345384,6.59312400772471,17667197105.81,29490304710.6,3353688460.245,5348373189.3,966.714,0.77,2120.457,1017.91296296296,4964.76796296296,165352.0,2568811.33,2706317.67,56440.5,38197.37,10747.86,26748.45,12.9045870967742,15.0978741935484,14.6942387096774,59.4095454545455,2.04719251336898,110.8,0.27,4.15,31.8109,1.02,39680538.0,27052870.0,10870414.0,987177.0,383387,1460.0,125281.0,100.386666666667,14181.38,12531.62,21225.04
2561,กุมภาพันธ์,2,32369421274.25,19682106420.62,5842604683.9,3557542688.36,22.4099031811023,59.4047368763557,3779388230.56,242719497.75,0.0913325069724202,5.00741927486838,10.0186491581322,10.3735415167177,19210398134.81,32190564238.36,3692908394.42,5853729672.8,900.75,0.576,1958.53,984.370370370371,4628.79337037037,168365.0,2568500.67,2713528.33,56465.17,38322.02,10583.45,27201.0,13.5653392857143,15.9624464285714,14.974075,63.9605,4.55095454545455,108.06,0.73,4.16,31.2999,0.78,39792510.0,27125428.0,10913333.0,976603.0,382154,1522.0,127922.0,101.236666666667,13898.84,12276.97,21188.97
2561,มีนาคม,3,28730715877.42,16813164929.46,5218097090.4,3230400979.04,68.8004986718498,36.1963691588785,3078800235.04,82424441.65,0.0323728267868641,5.05779620090156,7.00648135903371,7.34090752541021,19682106420.62,32369421274.25,3557542688.36,5842604683.9,1000.932,0.548,2188.977,1047.56111111111,5089.45811111111,171378.0,2568190.0,2720739.0,56489.92,38498.26,11885.37,25885.7,15.5026387096774,16.670035483871,16.4738064516129,66.1385714285714,2.17807142857143,106.05,1.24,4.15,31.7229,0.9,39908492.0,27205365.0,10963139.0,966061.0,380931,1581.0,130348.0,103.36,13982.17,12475.79,21330.13
2561,เมษายน,4,33465581644.13,20395992295.2601,6047204500.5,3858491859.36,72.7171269964244,6.1063438627625,3609869587.66,98983669.55,0.00147885241052943,5.04263383614321,8.50652080609011,8.8829541235685,16813164929.46,28730715877.42,3230400979.04,5218097090.4,978.97,0.649,2075.67,1013.66111111111,4812.08111111111,172492.67,2570387.0,2723998.33,56516.06,38032.67,10200.81,27137.35,16.88238,17.1620266666667,17.7859133333333,71.2333333333333,5.0947619047619,107.8,1.23,4.15,31.8489,0.96,39990482.0,27254464.0,11003945.0,956564.0,379644,1650.0,132555.0,104.516666666667,14558.15,13049.97,20885.22
2561,พฤษภาคม,5,31894608630.9,19712871285.41,5726416242.9,3700011807.75,479.694275820379,10.9907550414365,3335593315.05,269584918.9,0.00206682741991044,5.08027144333457,7.52137754469893,8.49623291592021,20395992295.2601,33465581644.13,3858491859.36,6047204500.5,978.039,0.683,2140.581,1026.86111111111,4855.66711111111,173607.33,2572584.0,2727257.67,56541.22,38419.23,10832.23,26806.7,16.2299419354839,17.2371580645161,17.7266935483871,71.3177272727273,0.0843939393939394,108.42,1.15,4.15,31.7936,1.11,40101142.0,27326714.0,11050541.0,946000.0,378518,1707.0,135194.0,104.56,14091.99,12682.14,20334.46
2561,มิถุนายน,6,32028071769.74,19612454416.76,5777681257.0,3617111006.42,340.635924598358,9.34127000700771,3613903299.22,236917097.1,0.283844545137679,5.01515824329043,8.94293376184738,78.2125889724626,19712871285.41,31894608630.9,3700011807.75,5726416242.9,985.406,0.616,2001.962,959.362962962963,4647.08396296296,174722.0,2574781.0,2730517.0,56568.5,38823.79,13180.66,25197.11,14.0204666666667,15.6552633333333,14.29613,64.2205,-7.09722727272727,108.66,0.87,4.13,31.1244,0.94,40190328.0,27382791.0,11092435.0,935707.0,376840,1768.0,137871.0,101.61,14393.49,12900.91,21174.21
2561,กรกฏาคม,7,31681214927.23,19313767506.0,5630686669.68,3567039762.92,428.858164006164,2.59780747232472,3547653560.92,91950449.25,0.00712530712530713,5.09996621621627,7.04600118747796,7.506596636471,19612454416.76,32028071769.74,3617111006.42,5777681257.0,997.302,0.608,2044.005,1058.33888888889,4829.87588888889,173140.67,2577164.67,2731987.67,56595.5,38094.55,11945.02,25670.2,14.9753612903226,16.0979709677419,13.1483935483871,63.9191304347826,-0.301369565217391,106.5,0.98,4.11,30.7936,1.14,40281902.0,27444096.0,11131705.0,925037.0,375233,1816.0,140464.0,102.39,14552.47,13037.48,20703.0
2561,สิงหาคม,8,32971687606.17,19715526139.21,5768246823.4,3627352799.642,459.402081142098,8.58370371222076,3774095666.942,96772667.35,0.234028683181226,4.97203617992179,10.5605273513044,10.8645308074338,19313767506.0,31681214927.23,3567039762.92,5630686669.68,998.173,0.609,1974.628,1057.86296296296,4800.68296296296,171559.33,2579548.33,2733458.33,56615.7,38075.18,12328.65,25290.38,14.3074709677419,15.3355387096774,12.7191193548387,59.0418181818182,-4.87731225296443,105.93,0.52,4.07,30.7695,1.0,40385957.0,27515853.0,11172305.0,914289.0,373589,1933.0,143356.0,101.743333333333,14096.55,12650.41,20060.29
2561,กันยายน,9,42173908652.34,29269609148.72,7367895964.0,5314754219.05,420.296695345103,59.3739528266332,5553845273.402,51472090.5751,0.0552302025782689,5.0211536525476,11.7849844592266,12.151930547128,19715526139.21,32971687606.17,3627352799.642,5768246823.4,928.157,0.478,1868.279,1003.0462962963,4507.4092962963,169978.0,2581932.0,2734929.0,56636.35,37722.03,13024.43,24187.94,14.9861833333333,15.6438433333333,12.706,62.8266666666667,3.78484848484848,105.63,0.32,4.05,30.5737,1.02,40467665.0,27572680.0,11206502.0,904136.0,371208,2088.0,146099.0,101.546666666667,14242.26,12790.57,20853.58
2561,ตุลาคม,10,13544854404.48,5803831413.32,2403801173.8,1125813704.31,538.496452599389,68.4748508847648,1364925291.55,58172720.38,0.213277919863598,4.98261551577153,11.2388678762662,11.4707335840581,29269609148.72,42173908652.34,5314754219.05,7367895964.0,1013.519,0.689,2025.163,1002.79074074074,4765.14374074074,163909.33,2606462.67,2739472.33,56657.97,37438.61,11148.85,25848.53,14.8750709677419,15.4877806451613,15.0585806451613,59.7130434782609,-3.1136231884058,104.7,0.11,4.03,30.3675,0.95,40574582.0,27648550.0,11247558.0,891558.0,369409,2411.0,149367.0,100.743333333333,14351.25,12694.59,21429.2
2561,พฤศจิกายน,11,30545167017.43,21688085320.3599,5330737459.2,3912046550.98,613.466891999999,573.311931803742,4018208335.86,122748796.3,0.250348675034868,5.04773396094841,11.5252542555383,11.7544076798387,5803831413.32,13544854404.48,1125813704.31,2403801173.8,972.25,0.723,2079.483,977.805555555555,4796.39055555555,166943.67,2594197.33,2737200.67,56678.94,38221.81,11907.76,25804.4,15.08427,15.3980566666667,15.1632733333333,63.2119047619048,3.49886128364389,104.07,0.21,3.96,30.2431,1.12,40645514.0,27699729.0,11271915.0,885252.0,368176,2643.0,151347.0,100.86,14160.22,12642.13,20722.67
2561,ธันวาคม,12,31387034490.72,21613984055.35,5485911020.31,3956181888.686,662.423095734767,691.034128717407,4405246912.086,117032566.48,0.0530627177700349,7.30765191637621,8.51695195178803,8.79759162177931,21688085320.3599,30545167017.43,3912046550.98,5330737459.2,1030.257,0.601,2137.154,997.755555555556,4962.10655555556,160875.0,2618728.0,2741744.0,56700.77,38207.12,12694.52,24966.51,14.9674774193548,16.3895935483871,15.6039161290323,67.2171428571429,4.0052380952381,104.09,0.87,3.9,30.2233,0.96,40712048.0,27750639.0,11294017.0,877676.0,366847,2854.0,153184.0,101.153333333333,14122.12,12752.45,20769.01
2562,มกราคม,1,33046302067.55,21841297482.95,5756813069.42,3947213250.8,882.06882204461,652.402455796038,4048636512.3,75469534.5,0.279673063255153,5.00725550817344,9.43667646226541,9.72126908565732,21613984055.35,31387034490.72,3956181888.686,5485911020.31,984.43,0.662,2088.185,974.046296296296,4867.7782962963,0.0,0.0,0.0,56723.07,37873.56,10234.11,26949.93,14.4712612903226,16.8514516129032,18.3799096774194,63.6454545454545,-3.57168831168831,104.38,1.05201061842494,3.8,30.4348,1.07,40809418.0,27817223.0,11333155.0,866502.0,364947,3194.0,0.0,101.31,14513.61,12841.93,21387.65
2562,กุมภาพันธ์,2,32946481093.3,22302665779.37,5735688699.4,3968951410.54,445.396450681103,91.9962456256535,4317190654.58,141376573.73,0.025473321858864,5.04691738382102,10.2325259499658,10.4990471316284,21841297482.95,33046302067.55,3947213250.8,5756813069.42,921.668,0.581,1977.452,802.3,4376.01,0.0,0.0,0.0,56745.82,38403.54,10519.42,27109.34,13.5908965517241,15.2737344827586,16.7948068965517,55.657,-7.98845454545455,104.98,0.735654732712114,3.7,31.3354,1.09,40902144.0,27879757.0,11371011.0,856460.0,363126,3467.0,0.0,99.775,14061.07,12637.71,20424.86
2562,มีนาคม,3,31046728616.68,21508524843.85,5408491508.18,3867822378.093,842.149707036818,475.956124560375,4145573755.193,229039166.92,0.0534780727062897,5.06397345643393,8.89071502113046,9.15785700963454,22302665779.37,32946481093.3,3968951410.54,5735688699.4,927.507,0.624,2090.38,957.238888888889,4504.89288888889,0.0,0.0,0.0,56768.85,38213.09,11282.69,26049.08,8.66648709677419,11.6017064516129,13.7346516129032,32.0113636363636,-23.6456363636364,107.42,-0.537266777376195,3.56,32.0876,1.03,40978437.0,27931202.0,11405731.0,845409.0,361078,3682.0,0.0,94.9833333333333,14623.21,13088.32,21442.33
2562,เมษายน,4,33391430203.77,22827548939.86,5820848465.3,4081383021.07,468.97723442719,473.097144763019,4690385310.35,146132669.08,0.00313674472390864,5.07295779126915,9.61296343400407,61.7751346325192,21508524843.85,31046728616.68,3867822378.093,5408491508.18,732.797,0.335,1853.321,830.233333333333,3625.33833333333,0.0,0.0,0.0,0.0,0.0,0.0,0.0,5.15067,8.50360333333333,9.69700333333333,18.3785,-13.6328636363636,111.92,-2.9858004279323,3.31,32.6378,0.0,40998909.0,27934437.0,11430972.0,836773.0,359419,3847.0,0.0,88.6433333333333,0.0,0.0,0.0
2562,พฤษภาคม,5,33250270294.43,22832818275.04,5759994958.2,4102131119.282,816.689790771515,467.085153187721,4908473007.142,248395569.26,0.0364963503649635,5.14497401459855,8.78493901662315,9.04593438856057,22827548939.86,33391430203.77,4081383021.07,5820848465.3,877.212,0.511,2017.077,773.55925925926,3896.11025925926,0.0,0.0,0.0,0.0,0.0,0.0,0.0,7.29063225806452,8.65298064516129,11.2338483870968,29.3789473684211,11.0004473684211,111.65,-3.43625980060013,3.21,32.0417,0.0,41017455.0,27942356.0,11452341.0,825957.0,357298,4004.0,0.0,90.04,0.0,0.0,0.0
2562,มิถุนายน,6,32901528696.08,22351646044.53,5730517113.8,4043577816.67,420.7192376193,481.491078042328,5249514303.51,311725968.8,0.0288562434417629,5.12629354669464,10.1098346781751,10.3808991219401,22832818275.04,33250270294.43,4102131119.282,5759994958.2,954.132,0.501,1918.467,832.272222222222,3918.72222222222,0.0,0.0,0.0,0.0,0.0,0.0,0.0,9.48765666666667,10.4686233333333,10.9893433333333,40.2668181818182,10.8878708133971,110.25,-1.57373227122596,3.2,31.1625,0.0,41033312.0,27948593.0,11475450.0,813444.0,354470,4301.0,0.0,93.8066666666667,0.0,0.0,0.0
2562,กรกฏาคม,7,32386656078.9599,22489583543.49,5636718045.69,4066555710.15,474.199322734946,477.338875518788,5626588832.63,291330234.4,0.0525730180806676,5.09522781641168,8.57047491244504,8.79725857076495,22351646044.53,32901528696.08,4043577816.67,5730517113.8,1074.269,0.501,2002.452,839.175925925926,4182.68392592593,0.0,0.0,0.0,0.0,0.0,0.0,0.0,9.76422258064516,11.0075,10.7917870967742,43.2421739130435,2.9753557312253,107.3,-0.98058252427185,3.13,31.4142,0.0,41094113.0,28000814.0,11497376.0,800581.0,351833,4522.0,0.0,94.5466666666667,0.0,0.0,0.0
2562,สิงหาคม,8,31065453357.3,20933610058.68,5434509683.55,3818034510.516,49.9365575122092,67.8804276589678,5201406494.556,213355571.73,0.00959966168593177,5.1001869185227,10.7584392323684,11.0209826108745,22489583543.49,32386656078.9599,4066555710.15,5636718045.69,0.0,0.0,0.0,0.0,0.0,0.0,0.0,0.0,0.0,0.0,0.0,0.0,0.0,0.0,0.0,44.736,1.49382608695652,0.0,0.0,0.0,31.215,0.0,0.0,0.0,0.0,0.0,0,0.0,0.0,0.0,0.0,0.0,0.0
2562,กันยายน,9,30810773283.69,21138493379.4,5380392951.1,3795921401.57,471.270092946965,490.512497120348,4631265672.21,135232275.21,0.064,5.0859544,7.66606791849253,7.95919949425414,20933610058.68,31065453357.3,3818034510.516,5434509683.55,0.0,0.0,0.0,0.0,0.0,0.0,0.0,0.0,0.0,0.0,0.0,0.0,0.0,0.0,0.0,0.0,0.0,0.0,0.0,0.0,0.0,0.0,0.0,0.0,0.0,0.0,0,0.0,0.0,0.0,0.0,0.0,0.0
2562,ตุลาคม,10,51358278650.27,29077129084.1501,9029944666.178,5490935482.401,398.927588023452,410.38159511737,7118240494.721,403959668.303,0.050032457496136,5.12980226687251,5.41595586654891,6.70205957468928,21138493379.4,30810773283.69,3795921401.57,5380392951.1,0.0,0.0,0.0,0.0,0.0,0.0,0.0,0.0,0.0,0.0,0.0,0.0,0.0,0.0,0.0,0.0,0.0,0.0,0.0,0.0,0.0,0.0,0.0,0.0,0.0,0.0,0,0.0,0.0,0.0,0.0,0.0,0.0
2562,พฤศจิกายน,11,29199404514.7601,16394246275.97,5134057146.714,3117933079.473,282.65971379383,314.805546733985,4061296197.253,427747874.346,0.00417405822811228,5.14283136804731,6.91381801569498,7.8739682419762,29077129084.1501,51358278650.27,5490935482.401,9029944666.178,0.0,0.0,0.0,0.0,0.0,0.0,0.0,0.0,0.0,0.0,0.0,0.0,0.0,0.0,0.0,0.0,0.0,0.0,0.0,0.0,0.0,0.0,0.0,0.0,0.0,0.0,0,0.0,0.0,0.0,0.0,0.0,0.0
2562,ธันวาคม,12,30168299521.52,16970950043.01,5277681047.304,3062632495.7507,152.550383494154,185.922436843895,4044626152.6407,265592721.692,0.00903110714683911,5.15990065782115,7.83710447463539,8.70851059300866,16394246275.97,29199404514.7601,3117933079.473,5134057146.714,0.0,0.0,0.0,0.0,0.0,0.0,0.0,0.0,0.0,0.0,0.0,0.0,0.0,0.0,0.0,0.0,0.0,0.0,0.0,0.0,0.0,0.0,0.0,0.0,0.0,0.0,0,0.0,0.0,0.0,0.0,0.0,0.0
